prim_db	prim_id	prim_alt	prim_cons	sec_db	sec_id	sec_alt	sec_cons	trim_left	trim_right	red_db	red_id	red_alt	E-value	gap	orient	count	total	adj_p-value	p-value
meme.xml	RVRGCAGSTGB	MEME-1	RVRGCAGSTGB	meme.xml	RVRGCAGSTGB	MEME-1	RVRGCAGSTGB	2	1	.	.	.	1.27e-04	4	2	22	2686	6.43e-10	5.79e-09
meme.xml	RVRGCAGSTGB	MEME-1	RVRGCAGSTGB	meme.xml	RVRGCAGSTGB	MEME-1	RVRGCAGSTGB	2	1	.	.	.	1.27e-04	4	8	45	2686	1.99e-08	1.79e-07
meme.xml	RVRGCAGSTGB	MEME-1	RVRGCAGSTGB	meme.xml	RVRGCAGSTGB	MEME-1	RVRGCAGSTGB	2	1	.	.	.	1.27e-04	52	8	44	2686	4.88e-08	4.39e-07
meme.xml	RVRGCAGSTGB	MEME-1	RVRGCAGSTGB	meme.xml	RVRGCAGSTGB	MEME-1	RVRGCAGSTGB	2	1	.	.	.	1.27e-04	4	0	18	2686	2.50e-07	2.25e-06
meme.xml	RVRGCAGSTGB	MEME-1	RVRGCAGSTGB	meme.xml	RVRGCAGSTGB	MEME-1	RVRGCAGSTGB	2	1	.	.	.	1.27e-04	52	0	18	2686	2.50e-07	2.25e-06
meme.xml	RVRGCAGSTGB	MEME-1	RVRGCAGSTGB	meme.xml	RVRGCAGSTGB	MEME-1	RVRGCAGSTGB	2	1	.	.	.	1.27e-04	28	8	42	2686	2.75e-07	2.48e-06
meme.xml	RVRGCAGSTGB	MEME-1	RVRGCAGSTGB	meme.xml	RVRGCAGSTGB	MEME-1	RVRGCAGSTGB	2	1	.	.	.	1.27e-04	5	8	41	2686	6.31e-07	5.68e-06
meme.xml	RVRGCAGSTGB	MEME-1	RVRGCAGSTGB	meme.xml	RVRGCAGSTGB	MEME-1	RVRGCAGSTGB	2	1	.	.	.	1.27e-04	7	8	41	2686	6.31e-07	5.68e-06
meme.xml	RVRGCAGSTGB	MEME-1	RVRGCAGSTGB	meme.xml	RVRGCAGSTGB	MEME-1	RVRGCAGSTGB	2	1	.	.	.	1.27e-04	22	8	41	2686	6.31e-07	5.68e-06
meme.xml	RVRGCAGSTGB	MEME-1	RVRGCAGSTGB	meme.xml	RVRGCAGSTGB	MEME-1	RVRGCAGSTGB	2	1	.	.	.	1.27e-04	22	5	26	2686	6.49e-07	5.85e-06
meme.xml	RVRGCAGSTGB	MEME-1	RVRGCAGSTGB	meme.xml	RVRGCAGSTGB	MEME-1	RVRGCAGSTGB	2	1	.	.	.	1.27e-04	22	0	17	2686	9.81e-07	8.82e-06
meme.xml	RVRGCAGSTGB	MEME-1	RVRGCAGSTGB	meme.xml	RVRGCAGSTGB	MEME-1	RVRGCAGSTGB	2	1	.	.	.	1.27e-04	10	2	17	2686	9.81e-07	8.82e-06
meme.xml	RVRGCAGSTGB	MEME-1	RVRGCAGSTGB	meme.xml	RVRGCAGSTGB	MEME-1	RVRGCAGSTGB	2	1	.	.	.	1.27e-04	28	2	17	2686	9.81e-07	8.82e-06
meme.xml	RVRGCAGSTGB	MEME-1	RVRGCAGSTGB	meme.xml	RVRGCAGSTGB	MEME-1	RVRGCAGSTGB	2	1	.	.	.	1.27e-04	52	2	17	2686	9.81e-07	8.82e-06
meme.xml	RVRGCAGSTGB	MEME-1	RVRGCAGSTGB	meme.xml	RVRGCAGSTGB	MEME-1	RVRGCAGSTGB	2	1	.	.	.	1.27e-04	52	5	25	2686	1.84e-06	1.66e-05
meme.xml	RVRGCAGSTGB	MEME-1	RVRGCAGSTGB	meme.xml	RVRGCAGSTGB	MEME-1	RVRGCAGSTGB	2	1	.	.	.	1.27e-04	4	6	25	2686	1.84e-06	1.66e-05
meme.xml	RVRGCAGSTGB	MEME-1	RVRGCAGSTGB	meme.xml	RVRGCAGSTGB	MEME-1	RVRGCAGSTGB	2	1	.	.	.	1.27e-04	24	8	39	2686	3.10e-06	2.79e-05
meme.xml	RVRGCAGSTGB	MEME-1	RVRGCAGSTGB	meme.xml	RVRGCAGSTGB	MEME-1	RVRGCAGSTGB	2	1	.	.	.	1.27e-04	16	0	16	2686	3.64e-06	3.27e-05
meme.xml	RVRGCAGSTGB	MEME-1	RVRGCAGSTGB	meme.xml	RVRGCAGSTGB	MEME-1	RVRGCAGSTGB	2	1	.	.	.	1.27e-04	28	0	16	2686	3.64e-06	3.27e-05
meme.xml	RVRGCAGSTGB	MEME-1	RVRGCAGSTGB	meme.xml	RVRGCAGSTGB	MEME-1	RVRGCAGSTGB	2	1	.	.	.	1.27e-04	24	2	16	2686	3.64e-06	3.27e-05
meme.xml	RVRGCAGSTGB	MEME-1	RVRGCAGSTGB	meme.xml	RVRGCAGSTGB	MEME-1	RVRGCAGSTGB	2	1	.	.	.	1.27e-04	6	3	16	2686	3.64e-06	3.27e-05
meme.xml	RVRGCAGSTGB	MEME-1	RVRGCAGSTGB	streme.xml	1-VNRGCAGCTGCYNB	STREME-1	VNRGCAGCTGCYNB	3	3	streme.xml	RVRGCAGSTGB	MEME-1	1.98e-04	5	7	26	1897	1.01e-09	9.06e-09
meme.xml	RVRGCAGSTGB	MEME-1	RVRGCAGSTGB	streme.xml	1-VNRGCAGCTGCYNB	STREME-1	VNRGCAGCTGCYNB	3	3	streme.xml	RVRGCAGSTGB	MEME-1	1.98e-04	5	2	16	1897	4.91e-08	4.42e-07
meme.xml	RVRGCAGSTGB	MEME-1	RVRGCAGSTGB	streme.xml	1-VNRGCAGCTGCYNB	STREME-1	VNRGCAGCTGCYNB	3	3	streme.xml	RVRGCAGSTGB	MEME-1	1.98e-04	5	8	33	1897	3.65e-07	3.28e-06
meme.xml	RVRGCAGSTGB	MEME-1	RVRGCAGSTGB	streme.xml	1-VNRGCAGCTGCYNB	STREME-1	VNRGCAGCTGCYNB	3	3	streme.xml	RVRGCAGSTGB	MEME-1	1.98e-04	53	7	21	1897	6.96e-07	6.26e-06
meme.xml	RVRGCAGSTGB	MEME-1	RVRGCAGSTGB	streme.xml	1-VNRGCAGCTGCYNB	STREME-1	VNRGCAGCTGCYNB	3	3	streme.xml	RVRGCAGSTGB	MEME-1	1.98e-04	3	4	20	1897	2.26e-06	2.04e-05
meme.xml	RVRGCAGSTGB	MEME-1	RVRGCAGSTGB	streme.xml	1-VNRGCAGCTGCYNB	STREME-1	VNRGCAGCTGCYNB	3	3	streme.xml	RVRGCAGSTGB	MEME-1	1.98e-04	27	4	20	1897	2.26e-06	2.04e-05
meme.xml	RVRGCAGSTGB	MEME-1	RVRGCAGSTGB	streme.xml	1-VNRGCAGCTGCYNB	STREME-1	VNRGCAGCTGCYNB	3	3	streme.xml	RVRGCAGSTGB	MEME-1	1.98e-04	51	4	20	1897	2.26e-06	2.04e-05
meme.xml	RVRGCAGSTGB	MEME-1	RVRGCAGSTGB	streme.xml	1-VNRGCAGCTGCYNB	STREME-1	VNRGCAGCTGCYNB	3	3	streme.xml	RVRGCAGSTGB	MEME-1	1.98e-04	4	8	31	1897	2.32e-06	2.09e-05
meme.xml	RVRGCAGSTGB	MEME-1	RVRGCAGSTGB	streme.xml	1-VNRGCAGCTGCYNB	STREME-1	VNRGCAGCTGCYNB	3	3	streme.xml	RVRGCAGSTGB	MEME-1	1.98e-04	8	8	31	1897	2.32e-06	2.09e-05
meme.xml	RVRGCAGSTGB	MEME-1	RVRGCAGSTGB	meme.xml	CASCTGCY	MEME-2	CASCTGCY	0	0	meme.xml	RVRGCAGSTGB	MEME-1	2.30e-03	4	3	19	2405	1.17e-08	1.05e-07
meme.xml	RVRGCAGSTGB	MEME-1	RVRGCAGSTGB	meme.xml	CASCTGCY	MEME-2	CASCTGCY	0	0	meme.xml	RVRGCAGSTGB	MEME-1	2.30e-03	28	8	42	2405	1.70e-08	1.53e-07
meme.xml	RVRGCAGSTGB	MEME-1	RVRGCAGSTGB	meme.xml	CASCTGCY	MEME-2	CASCTGCY	0	0	meme.xml	RVRGCAGSTGB	MEME-1	2.30e-03	4	8	41	2405	4.36e-08	3.93e-07
meme.xml	RVRGCAGSTGB	MEME-1	RVRGCAGSTGB	meme.xml	CASCTGCY	MEME-2	CASCTGCY	0	0	meme.xml	RVRGCAGSTGB	MEME-1	2.30e-03	52	8	41	2405	4.36e-08	3.93e-07
meme.xml	RVRGCAGSTGB	MEME-1	RVRGCAGSTGB	meme.xml	CASCTGCY	MEME-2	CASCTGCY	0	0	meme.xml	RVRGCAGSTGB	MEME-1	2.30e-03	52	1	18	2405	5.38e-08	4.84e-07
meme.xml	RVRGCAGSTGB	MEME-1	RVRGCAGSTGB	meme.xml	CASCTGCY	MEME-2	CASCTGCY	0	0	meme.xml	RVRGCAGSTGB	MEME-1	2.30e-03	28	3	18	2405	5.38e-08	4.84e-07
meme.xml	RVRGCAGSTGB	MEME-1	RVRGCAGSTGB	meme.xml	CASCTGCY	MEME-2	CASCTGCY	0	0	meme.xml	RVRGCAGSTGB	MEME-1	2.30e-03	5	8	40	2405	1.09e-07	9.82e-07
meme.xml	RVRGCAGSTGB	MEME-1	RVRGCAGSTGB	meme.xml	CASCTGCY	MEME-2	CASCTGCY	0	0	meme.xml	RVRGCAGSTGB	MEME-1	2.30e-03	4	1	17	2405	2.35e-07	2.12e-06
meme.xml	RVRGCAGSTGB	MEME-1	RVRGCAGSTGB	meme.xml	CASCTGCY	MEME-2	CASCTGCY	0	0	meme.xml	RVRGCAGSTGB	MEME-1	2.30e-03	28	1	17	2405	2.35e-07	2.12e-06
meme.xml	RVRGCAGSTGB	MEME-1	RVRGCAGSTGB	meme.xml	CASCTGCY	MEME-2	CASCTGCY	0	0	meme.xml	RVRGCAGSTGB	MEME-1	2.30e-03	22	8	39	2405	2.66e-07	2.40e-06
meme.xml	RVRGCAGSTGB	MEME-1	RVRGCAGSTGB	meme.xml	CASCTGCY	MEME-2	CASCTGCY	0	0	meme.xml	RVRGCAGSTGB	MEME-1	2.30e-03	22	6	25	2405	2.91e-07	2.62e-06
meme.xml	RVRGCAGSTGB	MEME-1	RVRGCAGSTGB	meme.xml	CASCTGCY	MEME-2	CASCTGCY	0	0	meme.xml	RVRGCAGSTGB	MEME-1	2.30e-03	16	1	16	2405	9.72e-07	8.75e-06
meme.xml	RVRGCAGSTGB	MEME-1	RVRGCAGSTGB	meme.xml	CASCTGCY	MEME-2	CASCTGCY	0	0	meme.xml	RVRGCAGSTGB	MEME-1	2.30e-03	22	1	16	2405	9.72e-07	8.75e-06
meme.xml	RVRGCAGSTGB	MEME-1	RVRGCAGSTGB	meme.xml	CASCTGCY	MEME-2	CASCTGCY	0	0	meme.xml	RVRGCAGSTGB	MEME-1	2.30e-03	10	3	16	2405	9.72e-07	8.75e-06
meme.xml	RVRGCAGSTGB	MEME-1	RVRGCAGSTGB	meme.xml	CASCTGCY	MEME-2	CASCTGCY	0	0	meme.xml	RVRGCAGSTGB	MEME-1	2.30e-03	52	3	16	2405	9.72e-07	8.75e-06
meme.xml	RVRGCAGSTGB	MEME-1	RVRGCAGSTGB	meme.xml	CASCTGCY	MEME-2	CASCTGCY	0	0	meme.xml	RVRGCAGSTGB	MEME-1	2.30e-03	28	5	23	2405	2.60e-06	2.34e-05
meme.xml	RVRGCAGSTGB	MEME-1	RVRGCAGSTGB	meme.xml	CASCTGCY	MEME-2	CASCTGCY	0	0	meme.xml	RVRGCAGSTGB	MEME-1	2.30e-03	5	6	23	2405	2.60e-06	2.34e-05
meme.xml	RVRGCAGSTGB	MEME-1	RVRGCAGSTGB	meme.xml	CASCTGCY	MEME-2	CASCTGCY	0	0	meme.xml	RVRGCAGSTGB	MEME-1	2.30e-03	52	6	23	2405	2.60e-06	2.34e-05
meme.xml	RVRGCAGSTGB	MEME-1	RVRGCAGSTGB	meme.xml	CASCTGCY	MEME-2	CASCTGCY	0	0	meme.xml	RVRGCAGSTGB	MEME-1	2.30e-03	37	1	15	2405	3.79e-06	3.41e-05
meme.xml	RVRGCAGSTGB	MEME-1	RVRGCAGSTGB	meme.xml	CASCTGCY	MEME-2	CASCTGCY	0	0	meme.xml	RVRGCAGSTGB	MEME-1	2.30e-03	24	3	15	2405	3.79e-06	3.41e-05
meme.xml	RVRGCAGSTGB	MEME-1	RVRGCAGSTGB	streme.xml	2-GCAGVTGKG	STREME-2	GCAGVTGKG	0	0	.	.	.	1.69e-02	26	0	12	1080	8.66e-08	7.79e-07
meme.xml	RVRGCAGSTGB	MEME-1	RVRGCAGSTGB	streme.xml	2-GCAGVTGKG	STREME-2	GCAGVTGKG	0	0	.	.	.	1.69e-02	20	8	23	1080	5.15e-07	4.64e-06
meme.xml	RVRGCAGSTGB	MEME-1	RVRGCAGSTGB	streme.xml	2-GCAGVTGKG	STREME-2	GCAGVTGKG	0	0	.	.	.	1.69e-02	7	0	11	1080	5.59e-07	5.03e-06
meme.xml	RVRGCAGSTGB	MEME-1	RVRGCAGSTGB	streme.xml	2-GCAGVTGKG	STREME-2	GCAGVTGKG	0	0	.	.	.	1.69e-02	35	0	11	1080	5.59e-07	5.03e-06
meme.xml	RVRGCAGSTGB	MEME-1	RVRGCAGSTGB	streme.xml	2-GCAGVTGKG	STREME-2	GCAGVTGKG	0	0	.	.	.	1.69e-02	17	8	22	1080	1.61e-06	1.45e-05
meme.xml	RVRGCAGSTGB	MEME-1	RVRGCAGSTGB	streme.xml	2-GCAGVTGKG	STREME-2	GCAGVTGKG	0	0	.	.	.	1.69e-02	6	2	10	1080	3.31e-06	2.98e-05
meme.xml	RVRGCAGSTGB	MEME-1	RVRGCAGSTGB	streme.xml	6-GCAGCTGCA	STREME-6	GCAGCTGCA	0	0	.	.	.	3.14e-02	20	0	10	760	1.61e-07	1.45e-06
meme.xml	RVRGCAGSTGB	MEME-1	RVRGCAGSTGB	streme.xml	6-GCAGCTGCA	STREME-6	GCAGCTGCA	0	0	.	.	.	3.14e-02	10	3	10	760	1.61e-07	1.45e-06
meme.xml	RVRGCAGSTGB	MEME-1	RVRGCAGSTGB	streme.xml	6-GCAGCTGCA	STREME-6	GCAGCTGCA	0	0	.	.	.	3.14e-02	10	5	13	760	5.12e-07	4.61e-06
meme.xml	RVRGCAGSTGB	MEME-1	RVRGCAGSTGB	streme.xml	6-GCAGCTGCA	STREME-6	GCAGCTGCA	0	0	.	.	.	3.14e-02	20	5	13	760	5.12e-07	4.61e-06
meme.xml	RVRGCAGSTGB	MEME-1	RVRGCAGSTGB	streme.xml	6-GCAGCTGCA	STREME-6	GCAGCTGCA	0	0	.	.	.	3.14e-02	5	2	9	760	1.23e-06	1.11e-05
meme.xml	RVRGCAGSTGB	MEME-1	RVRGCAGSTGB	streme.xml	6-GCAGCTGCA	STREME-6	GCAGCTGCA	0	0	.	.	.	3.14e-02	11	2	9	760	1.23e-06	1.11e-05
meme.xml	RVRGCAGSTGB	MEME-1	RVRGCAGSTGB	streme.xml	6-GCAGCTGCA	STREME-6	GCAGCTGCA	0	0	.	.	.	3.14e-02	20	4	12	760	2.56e-06	2.30e-05
meme.xml	RVRGCAGSTGB	MEME-1	RVRGCAGSTGB	streme.xml	14-CCATGGCAACC	STREME-14	CCATGGCAACC	0	0	.	.	.	1.32e+00	49	6	5	115	8.97e-03	7.79e-02
meme.xml	RVRGCAGSTGB	MEME-1	RVRGCAGSTGB	streme.xml	11-RGCAGGTGAWGGV	STREME-11	RGCAGGTGAWGGV	0	1	.	.	.	5.38e+00	4	2	6	491	4.14e-02	3.16e-01
meme.xml	RVRGCAGSTGB	MEME-1	RVRGCAGSTGB	streme.xml	7-CCATCTGKC	STREME-7	CCATCTGKC	0	0	.	.	.	7.60e+00	17	1	4	199	6.37e-02	4.47e-01

# SpaMo (Spaced Motif Analysis Tool): Version 5.5.1 compiled on Feb  5 2023 at 06:25:23
# The format of this file is described at http://localhost:8080/meme_5.5.1/doc/spamo-output-format.html.
# spamo -verbosity 1 -oc memechip_out/spamo_out_1 -bgfile memechip_out/background -keepprimary -primary RVRGCAGSTGB memechip_out/Ascl1_pooled_peaks.fa memechip_out/meme_out/meme.xml memechip_out/meme_out/meme.xml memechip_out/streme_out/streme.xml
