motif_id	motif_alt_id	sequence_name	start	stop	strand	score	p-value	q-value	matched_sequence
4-AACAAWGGVM	STREME-4	chr17	8951826	8951835	-	15.1974	8.05e-07	0.107	AACAATGGGA
4-AACAAWGGVM	STREME-4	chr19	15615020	15615029	+	15.1974	8.05e-07	0.107	AACAATGGGA
4-AACAAWGGVM	STREME-4	chrX	99517573	99517582	+	15.1974	8.05e-07	0.107	AACAATGGGA
4-AACAAWGGVM	STREME-4	chr13	99918260	99918269	+	15.1974	8.05e-07	0.107	AACAATGGGA
4-AACAAWGGVM	STREME-4	chr9	101770689	101770698	+	15.1974	8.05e-07	0.107	aacaatggga
4-AACAAWGGVM	STREME-4	chr5	119706743	119706752	+	15.1974	8.05e-07	0.107	AACAATGGGA
4-AACAAWGGVM	STREME-4	chr4	126707121	126707130	-	15.1974	8.05e-07	0.107	AACAATGGGA
4-AACAAWGGVM	STREME-4	chr4	139977560	139977569	+	15.1974	8.05e-07	0.107	AACAATGGGA
4-AACAAWGGVM	STREME-4	chr2	34480334	34480343	-	14.8553	1.5e-06	0.107	AACAATGGAA
4-AACAAWGGVM	STREME-4	chr16	62922093	62922102	-	14.8553	1.5e-06	0.107	AACAATGGAA
4-AACAAWGGVM	STREME-4	chr15	98987191	98987200	-	14.8553	1.5e-06	0.107	AACAATGGAA
4-AACAAWGGVM	STREME-4	chr7	127104797	127104806	-	14.8553	1.5e-06	0.107	AACAATGGAA
4-AACAAWGGVM	STREME-4	chr2	151967499	151967508	+	14.8553	1.5e-06	0.107	AACAATGGAA
4-AACAAWGGVM	STREME-4	chr10	8084735	8084744	-	14.8158	2.31e-06	0.107	AACAAAGGGA
4-AACAAWGGVM	STREME-4	chr3	17590151	17590160	-	14.8158	2.31e-06	0.107	AACAAAGGGA
4-AACAAWGGVM	STREME-4	chr14	24807374	24807383	+	14.8158	2.31e-06	0.107	AACAAAGGGA
4-AACAAWGGVM	STREME-4	chr7	29421962	29421971	+	14.8158	2.31e-06	0.107	AACAAAGGGA
4-AACAAWGGVM	STREME-4	chr5	50050296	50050305	-	14.8158	2.31e-06	0.107	AACAAAGGGA
4-AACAAWGGVM	STREME-4	chr9	61530491	61530500	-	14.8158	2.31e-06	0.107	AACAAAGGGA
4-AACAAWGGVM	STREME-4	chr15	66282292	66282301	-	14.8158	2.31e-06	0.107	AACAAAGGGA
4-AACAAWGGVM	STREME-4	chr6	72200866	72200875	-	14.8158	2.31e-06	0.107	AACAAAGGGA
4-AACAAWGGVM	STREME-4	chr18	79071439	79071448	+	14.8158	2.31e-06	0.107	AACAAAGGGA
4-AACAAWGGVM	STREME-4	chr12	86961764	86961773	-	14.8158	2.31e-06	0.107	AACAAAGGGA
4-AACAAWGGVM	STREME-4	chr15	98969123	98969132	-	14.8158	2.31e-06	0.107	AACAAAGGGA
4-AACAAWGGVM	STREME-4	chr4	150404807	150404816	-	14.8158	2.31e-06	0.107	AACAAAGGGA
4-AACAAWGGVM	STREME-4	chr10	8084592	8084601	+	14.4737	3.01e-06	0.107	AACAAAGGAA
4-AACAAWGGVM	STREME-4	chr17	12021502	12021511	-	14.4737	3.01e-06	0.107	AACAAAGGAA
4-AACAAWGGVM	STREME-4	chr3	14863242	14863251	+	14.4737	3.01e-06	0.107	AACAAAGGAA
4-AACAAWGGVM	STREME-4	chr12	27139851	27139860	+	14.4737	3.01e-06	0.107	AACAAAGGAA
4-AACAAWGGVM	STREME-4	chr19	29351245	29351254	-	14.4737	3.01e-06	0.107	AACAAAGGAA
4-AACAAWGGVM	STREME-4	chr9	52148438	52148447	+	14.4737	3.01e-06	0.107	AACAAAGGAA
4-AACAAWGGVM	STREME-4	chr5	53557742	53557751	+	14.4737	3.01e-06	0.107	AACAAAGGAA
4-AACAAWGGVM	STREME-4	chr1	74357756	74357765	-	14.4737	3.01e-06	0.107	AACAAAGGAA
4-AACAAWGGVM	STREME-4	chr1	74825081	74825090	-	14.4737	3.01e-06	0.107	AACAAAGGAA
4-AACAAWGGVM	STREME-4	chr6	118431618	118431627	+	14.4737	3.01e-06	0.107	AACAAAGGAA
4-AACAAWGGVM	STREME-4	chr5	148125035	148125044	-	14.4737	3.01e-06	0.107	AACAAAGGAA
4-AACAAWGGVM	STREME-4	chr3	154806831	154806840	-	14.4737	3.01e-06	0.107	AACAAAGGAA
4-AACAAWGGVM	STREME-4	chr4	155320804	155320813	+	14.4737	3.01e-06	0.107	AACAAAGGAA
4-AACAAWGGVM	STREME-4	chr19	40849616	40849625	+	14.3553	3.7e-06	0.122	AACAATGAGA
4-AACAAWGGVM	STREME-4	chr18	75434688	75434697	+	14.3553	3.7e-06	0.122	AACAATGAGA
4-AACAAWGGVM	STREME-4	chr4	119071693	119071702	-	14.3553	3.7e-06	0.122	AACAATGAGA
4-AACAAWGGVM	STREME-4	chr19	9941134	9941143	-	14.2895	5.44e-06	0.124	AACAATGGGC
4-AACAAWGGVM	STREME-4	chr8	12478301	12478310	+	14.2895	5.44e-06	0.124	AACAATGGGC
4-AACAAWGGVM	STREME-4	chr10	13373702	13373711	+	14.2895	5.44e-06	0.124	AACAATGGCA
4-AACAAWGGVM	STREME-4	chr3	18206129	18206138	+	14.2895	5.44e-06	0.124	AACAATGGGC
4-AACAAWGGVM	STREME-4	chr11	20772923	20772932	+	14.2895	5.44e-06	0.124	aacaatgggc
4-AACAAWGGVM	STREME-4	chr13	29610507	29610516	+	14.2895	5.44e-06	0.124	AACAATGGCA
4-AACAAWGGVM	STREME-4	chr2	34480479	34480488	+	14.2895	5.44e-06	0.124	AACAATGGGC
4-AACAAWGGVM	STREME-4	chr13	35331133	35331142	+	14.2895	5.44e-06	0.124	aacaatgggc
4-AACAAWGGVM	STREME-4	chr13	35331178	35331187	+	14.2895	5.44e-06	0.124	aacaatgggc
4-AACAAWGGVM	STREME-4	chr16	36775806	36775815	+	14.2895	5.44e-06	0.124	AACAATGGCA
4-AACAAWGGVM	STREME-4	chr6	42385724	42385733	+	14.2895	5.44e-06	0.124	AACAATGGCA
4-AACAAWGGVM	STREME-4	chr4	55203830	55203839	-	14.2895	5.44e-06	0.124	AACAATGGGC
4-AACAAWGGVM	STREME-4	chr11	60787823	60787832	+	14.2895	5.44e-06	0.124	AACAATGGGC
4-AACAAWGGVM	STREME-4	chr10	85215558	85215567	-	14.2895	5.44e-06	0.124	AACAATGGGC
4-AACAAWGGVM	STREME-4	chr10	94093787	94093796	+	14.2895	5.44e-06	0.124	AACAATGGCA
4-AACAAWGGVM	STREME-4	chr10	119270779	119270788	-	14.2895	5.44e-06	0.124	AACAATGGGC
4-AACAAWGGVM	STREME-4	chr2	154466151	154466160	-	14.2895	5.44e-06	0.124	AACAATGGGC
4-AACAAWGGVM	STREME-4	chr1	177646162	177646171	-	14.2895	5.44e-06	0.124	AACAATGGCA
4-AACAAWGGVM	STREME-4	chr10	8297455	8297464	+	14.0526	6.14e-06	0.125	AACAATAGGA
4-AACAAWGGVM	STREME-4	chr1	38553340	38553349	-	14.0526	6.14e-06	0.125	AACAATAGGA
4-AACAAWGGVM	STREME-4	chr9	43441218	43441227	-	14.0526	6.14e-06	0.125	AACAATAGGA
4-AACAAWGGVM	STREME-4	chr17	87361479	87361488	+	14.0526	6.14e-06	0.125	AACAATAGGA
4-AACAAWGGVM	STREME-4	chr4	33846294	33846303	-	14.0132	6.74e-06	0.125	AACAATGAAA
4-AACAAWGGVM	STREME-4	chr13	51920668	51920677	-	14.0132	6.74e-06	0.125	AACAATGAAA
4-AACAAWGGVM	STREME-4	chr9	52149713	52149722	+	14.0132	6.74e-06	0.125	AACAATGAAA
4-AACAAWGGVM	STREME-4	chr1	107522549	107522558	-	14.0132	6.74e-06	0.125	AACAATGAAA
4-AACAAWGGVM	STREME-4	chr4	137015973	137015982	+	14.0132	6.74e-06	0.125	AACAATGAAA
4-AACAAWGGVM	STREME-4	chr4	8927321	8927330	-	13.9737	7.44e-06	0.125	AACAAAGAGA
4-AACAAWGGVM	STREME-4	chr17	16005333	16005342	-	13.9737	7.44e-06	0.125	AACAAAGAGA
4-AACAAWGGVM	STREME-4	chr2	34073602	34073611	-	13.9737	7.44e-06	0.125	AACAAAGAGA
4-AACAAWGGVM	STREME-4	chr18	37880161	37880170	+	13.9737	7.44e-06	0.125	AACAAAGAGA
4-AACAAWGGVM	STREME-4	chr11	55634217	55634226	+	13.9737	7.44e-06	0.125	AACAAAGAGA
4-AACAAWGGVM	STREME-4	chr19	57891112	57891121	-	13.9737	7.44e-06	0.125	AACAAAGAGA
4-AACAAWGGVM	STREME-4	chr7	68085498	68085507	-	13.9737	7.44e-06	0.125	AACAAAGAGA
4-AACAAWGGVM	STREME-4	chr13	90143485	90143494	-	13.9737	7.44e-06	0.125	AACAAAGAGA
4-AACAAWGGVM	STREME-4	chr4	102592141	102592150	+	13.9737	7.44e-06	0.125	AACAAAGAGA
4-AACAAWGGVM	STREME-4	chr5	111220960	111220969	+	13.9737	7.44e-06	0.125	AACAAAGAGA
4-AACAAWGGVM	STREME-4	chr5	139093743	139093752	-	13.9737	7.44e-06	0.125	AACAAAGAGA
4-AACAAWGGVM	STREME-4	chr5	140264347	140264356	-	13.9737	7.44e-06	0.125	AACAAAGAGA
4-AACAAWGGVM	STREME-4	chr6	38730606	38730615	+	13.9474	8.24e-06	0.131	AACAATGGAC
4-AACAAWGGVM	STREME-4	chr7	87783407	87783416	-	13.9474	8.24e-06	0.131	AACAATGGAC
4-AACAAWGGVM	STREME-4	chr18	18146784	18146793	+	13.9079	9.98e-06	0.131	aacaaagggc
4-AACAAWGGVM	STREME-4	chr11	19631308	19631317	+	13.9079	9.98e-06	0.131	AACAAAGGGC
4-AACAAWGGVM	STREME-4	chr9	20697542	20697551	-	13.9079	9.98e-06	0.131	AACAAAGGGC
4-AACAAWGGVM	STREME-4	chr17	23790536	23790545	-	13.9079	9.98e-06	0.131	AACAAAGGCA
4-AACAAWGGVM	STREME-4	chr2	35869580	35869589	-	13.9079	9.98e-06	0.131	AACAAAGGGC
4-AACAAWGGVM	STREME-4	chr2	37830144	37830153	-	13.9079	9.98e-06	0.131	AACAAAGGGC
4-AACAAWGGVM	STREME-4	chr16	37990982	37990991	-	13.9079	9.98e-06	0.131	AACAAAGGCA
4-AACAAWGGVM	STREME-4	chr11	43653304	43653313	+	13.9079	9.98e-06	0.131	AACAAAGGGC
4-AACAAWGGVM	STREME-4	chr14	45507317	45507326	+	13.9079	9.98e-06	0.131	AACAAAGGGC
4-AACAAWGGVM	STREME-4	chr1	59423166	59423175	+	13.9079	9.98e-06	0.131	AACAAAGGCA
4-AACAAWGGVM	STREME-4	chr8	69121547	69121556	+	13.9079	9.98e-06	0.131	AACAAAGGGC
4-AACAAWGGVM	STREME-4	chr10	70380207	70380216	+	13.9079	9.98e-06	0.131	AACAAAGGCA
4-AACAAWGGVM	STREME-4	chr1	73787842	73787851	+	13.9079	9.98e-06	0.131	AACAAAGGGC
4-AACAAWGGVM	STREME-4	chr3	88382042	88382051	-	13.9079	9.98e-06	0.131	AACAAAGGGC
4-AACAAWGGVM	STREME-4	chr4	108633937	108633946	-	13.9079	9.98e-06	0.131	AACAAAGGCA
4-AACAAWGGVM	STREME-4	chr3	134190227	134190236	+	13.9079	9.98e-06	0.131	AACAAAGGGC
4-AACAAWGGVM	STREME-4	chr2	168791223	168791232	+	13.9079	9.98e-06	0.131	AACAAAGGGC
4-AACAAWGGVM	STREME-4	chr1	182612948	182612957	-	13.9079	9.98e-06	0.131	AACAAAGGGC
4-AACAAWGGVM	STREME-4	chr1	189991406	189991415	-	13.9079	9.98e-06	0.131	AACAAAGGCA
4-AACAAWGGVM	STREME-4	chr11	20772812	20772821	+	13.7105	1.06e-05	0.131	aacaatagaa
4-AACAAWGGVM	STREME-4	chr11	26372156	26372165	+	13.7105	1.06e-05	0.131	aacaatagaa
4-AACAAWGGVM	STREME-4	chr11	29603781	29603790	+	13.7105	1.06e-05	0.131	aacaatagaa
4-AACAAWGGVM	STREME-4	chr11	53749906	53749915	+	13.7105	1.06e-05	0.131	aacaatagaa
4-AACAAWGGVM	STREME-4	chr9	65641641	65641650	-	13.7105	1.06e-05	0.131	AACAATAGAA
4-AACAAWGGVM	STREME-4	chr8	94066537	94066546	+	13.7105	1.06e-05	0.131	AACAATAGAA
4-AACAAWGGVM	STREME-4	chr4	8751025	8751034	-	13.6711	1.13e-05	0.131	AACAAAAGGA
4-AACAAWGGVM	STREME-4	chr11	11855104	11855113	-	13.6711	1.13e-05	0.131	AACAAAAGGA
4-AACAAWGGVM	STREME-4	chr16	37347160	37347169	+	13.6711	1.13e-05	0.131	AACAAAAGGA
4-AACAAWGGVM	STREME-4	chr1	39070387	39070396	-	13.6711	1.13e-05	0.131	AACAAAAGGA
4-AACAAWGGVM	STREME-4	chr13	70020639	70020648	+	13.6711	1.13e-05	0.131	aacaaaagga
4-AACAAWGGVM	STREME-4	chr15	84467031	84467040	-	13.6711	1.13e-05	0.131	AACAAAAGGA
4-AACAAWGGVM	STREME-4	chr6	89059478	89059487	-	13.6711	1.13e-05	0.131	AACAAAAGGA
4-AACAAWGGVM	STREME-4	chr12	111851846	111851855	+	13.6711	1.13e-05	0.131	AACAAAAGGA
4-AACAAWGGVM	STREME-4	chr9	115029524	115029533	+	13.6711	1.13e-05	0.131	AACAAAAGGA
4-AACAAWGGVM	STREME-4	chr13	38109216	38109225	-	13.6579	1.21e-05	0.137	AACAATGGGT
4-AACAAWGGVM	STREME-4	chr17	73054548	73054557	+	13.6579	1.21e-05	0.137	AACAATGGGT
4-AACAAWGGVM	STREME-4	chr8	119851529	119851538	+	13.6579	1.21e-05	0.137	aacAATGGGT
4-AACAAWGGVM	STREME-4	chr16	36541125	36541134	-	13.6316	1.27e-05	0.14	AACAAAGAAA
4-AACAAWGGVM	STREME-4	chr9	74366059	74366068	-	13.6316	1.27e-05	0.14	AACAAAGAAA
4-AACAAWGGVM	STREME-4	chr9	118653859	118653868	+	13.6316	1.27e-05	0.14	AACAAAGAAA
4-AACAAWGGVM	STREME-4	chr6	24599962	24599971	+	13.5658	1.44e-05	0.149	GACAATGGGA
4-AACAAWGGVM	STREME-4	chr1	36251697	36251706	+	13.5658	1.44e-05	0.149	AACAAAGGAC
4-AACAAWGGVM	STREME-4	chr2	38976631	38976640	+	13.5658	1.44e-05	0.149	GACAATGGGA
4-AACAAWGGVM	STREME-4	chr11	51448809	51448818	-	13.5658	1.44e-05	0.149	GACAATGGGA
4-AACAAWGGVM	STREME-4	chr2	72781922	72781931	+	13.5658	1.44e-05	0.149	GACAATGGGA
4-AACAAWGGVM	STREME-4	chr18	75690372	75690381	+	13.5658	1.44e-05	0.149	GACAATGGGA
4-AACAAWGGVM	STREME-4	chr11	117403987	117403996	+	13.5658	1.44e-05	0.149	gacaatggga
4-AACAAWGGVM	STREME-4	chr2	125134345	125134354	+	13.5658	1.44e-05	0.149	gacaatggga
4-AACAAWGGVM	STREME-4	chr1	165911666	165911675	+	13.5658	1.44e-05	0.149	AACAAAGGAC
4-AACAAWGGVM	STREME-4	chr6	97260187	97260196	-	13.4868	1.51e-05	0.153	AACAATGGTA
4-AACAAWGGVM	STREME-4	chr8	118850735	118850744	+	13.4868	1.51e-05	0.153	AACAATGGTA
4-AACAAWGGVM	STREME-4	chr10	11960714	11960723	-	13.4474	1.66e-05	0.162	AACAATGAGC
4-AACAAWGGVM	STREME-4	chr19	15614936	15614945	-	13.4474	1.66e-05	0.162	AACAATGACA
4-AACAAWGGVM	STREME-4	chr2	80851048	80851057	+	13.4474	1.66e-05	0.162	AACAATGACA
4-AACAAWGGVM	STREME-4	chr13	83111733	83111742	-	13.4474	1.66e-05	0.162	AACAATGACA
4-AACAAWGGVM	STREME-4	chr6	108796968	108796977	+	13.4474	1.66e-05	0.162	aacaatgagc
4-AACAAWGGVM	STREME-4	chr4	91081040	91081049	-	13.4211	1.76e-05	0.166	AACAATGGGG
4-AACAAWGGVM	STREME-4	chr2	101665525	101665534	-	13.4211	1.76e-05	0.166	AACAATGGGG
4-AACAAWGGVM	STREME-4	chr8	121897334	121897343	+	13.4211	1.76e-05	0.166	AACAATGGGG
4-AACAAWGGVM	STREME-4	chr19	9941150	9941159	-	13.3816	1.85e-05	0.166	AACAATGGCC
4-AACAAWGGVM	STREME-4	chr19	9941166	9941175	-	13.3816	1.85e-05	0.166	AACAATGGCC
4-AACAAWGGVM	STREME-4	chr16	16912010	16912019	-	13.3816	1.85e-05	0.166	AACAATGGCC
4-AACAAWGGVM	STREME-4	chr2	26298993	26299002	+	13.3816	1.85e-05	0.166	AACAATGGCC
4-AACAAWGGVM	STREME-4	chr5	35970810	35970819	+	13.3816	1.85e-05	0.166	AACAATGGCC
4-AACAAWGGVM	STREME-4	chr14	37032697	37032706	-	13.3816	1.85e-05	0.166	AACAATGGCC
4-AACAAWGGVM	STREME-4	chr5	119055637	119055646	+	13.3816	1.85e-05	0.166	AACAATGGCC
4-AACAAWGGVM	STREME-4	chr2	23368834	23368843	-	13.3289	1.91e-05	0.166	AACAAAAGAA
4-AACAAWGGVM	STREME-4	chr8	24044472	24044481	-	13.3289	1.91e-05	0.166	AACAAAAGAA
4-AACAAWGGVM	STREME-4	chr19	29351266	29351275	-	13.3289	1.91e-05	0.166	AACAAAAGAA
4-AACAAWGGVM	STREME-4	chr4	33824040	33824049	+	13.3289	1.91e-05	0.166	AACAAAAGAA
4-AACAAWGGVM	STREME-4	chr7	105550744	105550753	-	13.3289	1.91e-05	0.166	AACAAAAGAA
4-AACAAWGGVM	STREME-4	chr5	112182892	112182901	+	13.3289	1.91e-05	0.166	aacaaaagaa
4-AACAAWGGVM	STREME-4	chr3	154064841	154064850	-	13.3289	1.91e-05	0.166	AACAAAAGAA
4-AACAAWGGVM	STREME-4	chr15	86188444	86188453	-	13.3158	1.98e-05	0.169	AACAATGGAT
4-AACAAWGGVM	STREME-4	chr17	4739187	4739196	-	13.2763	2.06e-05	0.169	AACAAAGGGT
4-AACAAWGGVM	STREME-4	chr4	13300563	13300572	+	13.2763	2.06e-05	0.169	AACAAAGGGT
4-AACAAWGGVM	STREME-4	chr10	17478893	17478902	+	13.2763	2.06e-05	0.169	AACAAAGGGT
4-AACAAWGGVM	STREME-4	chr19	21039896	21039905	+	13.2763	2.06e-05	0.169	AACAAAGGGT
4-AACAAWGGVM	STREME-4	chr13	46173345	46173354	+	13.2763	2.06e-05	0.169	AACAAAGGGT
4-AACAAWGGVM	STREME-4	chr2	75265705	75265714	-	13.2763	2.06e-05	0.169	AACAAAGGGT
4-AACAAWGGVM	STREME-4	chr1	134714258	134714267	+	13.2763	2.06e-05	0.169	AACAAAGGGT
4-AACAAWGGVM	STREME-4	chr1	180933876	180933885	+	13.2763	2.06e-05	0.169	AACAAAGGGT
4-AACAAWGGVM	STREME-4	chr19	24937376	24937385	+	13.2237	2.14e-05	0.171	GACAATGGAA
4-AACAAWGGVM	STREME-4	chr2	91904899	91904908	-	13.2237	2.14e-05	0.171	GACAATGGAA
4-AACAAWGGVM	STREME-4	chr11	107304954	107304963	+	13.2237	2.14e-05	0.171	GACAATGGAA
4-AACAAWGGVM	STREME-4	chr8	124449627	124449636	-	13.2237	2.14e-05	0.171	GACAATGGAA
4-AACAAWGGVM	STREME-4	chr5	138778881	138778890	-	13.2237	2.14e-05	0.171	GACAATGGAA
4-AACAAWGGVM	STREME-4	chr12	27566175	27566184	-	13.2105	2.2e-05	0.171	AACAATAAGA
4-AACAAWGGVM	STREME-4	chr2	34080397	34080406	+	13.2105	2.2e-05	0.171	AACAATAAGa
4-AACAAWGGVM	STREME-4	chr1	20058389	20058398	-	13.1842	2.29e-05	0.171	GACAAAGGGA
4-AACAAWGGVM	STREME-4	chr5	25654840	25654849	+	13.1842	2.29e-05	0.171	gacaaaggga
4-AACAAWGGVM	STREME-4	chr1	41390442	41390451	-	13.1842	2.29e-05	0.171	GACAAAGGGA
4-AACAAWGGVM	STREME-4	chr9	106127162	106127171	-	13.1842	2.29e-05	0.171	GACAAAGGGA
4-AACAAWGGVM	STREME-4	chr1	107522479	107522488	-	13.1842	2.29e-05	0.171	GACAAAGGGA
4-AACAAWGGVM	STREME-4	chr13	8849552	8849561	+	13.1447	2.44e-05	0.171	AACAATAGGC
4-AACAAWGGVM	STREME-4	chr16	18774172	18774181	+	13.1447	2.44e-05	0.171	AACAATAGCA
4-AACAAWGGVM	STREME-4	chr1	26908160	26908169	-	13.1447	2.44e-05	0.171	AACAATAGCA
4-AACAAWGGVM	STREME-4	chr9	52149582	52149591	+	13.1447	2.44e-05	0.171	AACAATAGGC
4-AACAAWGGVM	STREME-4	chr6	60363969	60363978	-	13.1447	2.44e-05	0.171	AACAATAGGC
4-AACAAWGGVM	STREME-4	chr4	119071541	119071550	-	13.1447	2.44e-05	0.171	AACAATAGCA
4-AACAAWGGVM	STREME-4	chr7	133917404	133917413	+	13.1447	2.44e-05	0.171	AACAATAGCA
4-AACAAWGGVM	STREME-4	chr6	137771910	137771919	-	13.1447	2.44e-05	0.171	AACAATAGCA
4-AACAAWGGVM	STREME-4	chr3	53151974	53151983	-	13.1053	2.58e-05	0.171	AACAAAGGTA
4-AACAAWGGVM	STREME-4	chr4	119073808	119073817	+	13.1053	2.58e-05	0.171	AACAAAGGTA
4-AACAAWGGVM	STREME-4	chr7	128058923	128058932	+	13.1053	2.58e-05	0.171	aacaatgaac
4-AACAAWGGVM	STREME-4	chr2	137101577	137101586	-	13.1053	2.58e-05	0.171	AACAAAGGTA
4-AACAAWGGVM	STREME-4	chr12	7600220	7600229	+	13.0789	2.66e-05	0.171	AACAATGGAG
4-AACAAWGGVM	STREME-4	chr17	29356881	29356890	+	13.0789	2.66e-05	0.171	AACAATGGAG
4-AACAAWGGVM	STREME-4	chr12	31721179	31721188	-	13.0789	2.66e-05	0.171	AACAATGGAG
4-AACAAWGGVM	STREME-4	chr10	61366050	61366059	+	13.0789	2.66e-05	0.171	AACAATGGAG
4-AACAAWGGVM	STREME-4	chr6	91156287	91156296	-	13.0789	2.66e-05	0.171	AACAATGGAG
4-AACAAWGGVM	STREME-4	chr8	122706371	122706380	+	13.0789	2.66e-05	0.171	AACAATGGAG
4-AACAAWGGVM	STREME-4	chr8	128619304	128619313	+	13.0789	2.66e-05	0.171	AACAATGGAG
4-AACAAWGGVM	STREME-4	chr17	6400110	6400119	+	13.0658	2.81e-05	0.171	AACAAAGACA
4-AACAAWGGVM	STREME-4	chr10	7149941	7149950	+	13.0658	2.81e-05	0.171	AACAAAGAGC
4-AACAAWGGVM	STREME-4	chr12	15731501	15731510	-	13.0658	2.81e-05	0.171	AACAAAGACA
4-AACAAWGGVM	STREME-4	chr9	29439876	29439885	-	13.0658	2.81e-05	0.171	AACAAAGAGC
4-AACAAWGGVM	STREME-4	chr15	36716535	36716544	+	13.0658	2.81e-05	0.171	AACAAAGAGC
4-AACAAWGGVM	STREME-4	chr11	60161767	60161776	+	13.0658	2.81e-05	0.171	AACAAAGACA
4-AACAAWGGVM	STREME-4	chr1	74824913	74824922	-	13.0658	2.81e-05	0.171	AACAAAGACA
4-AACAAWGGVM	STREME-4	chr8	78147563	78147572	+	13.0658	2.81e-05	0.171	AACAAAGACA
4-AACAAWGGVM	STREME-4	chr12	80551901	80551910	-	13.0658	2.81e-05	0.171	AACAAAGACA
4-AACAAWGGVM	STREME-4	chr11	87816888	87816897	+	13.0658	2.81e-05	0.171	AACAAAGACA
4-AACAAWGGVM	STREME-4	chr6	94651673	94651682	+	13.0658	2.81e-05	0.171	AACAAAGAGC
4-AACAAWGGVM	STREME-4	chr7	105550656	105550665	+	13.0658	2.81e-05	0.171	AACAAAGACA
4-AACAAWGGVM	STREME-4	chr7	112760988	112760997	+	13.0658	2.81e-05	0.171	AACAAAGACA
4-AACAAWGGVM	STREME-4	chr2	133596667	133596676	-	13.0658	2.81e-05	0.171	AACAAAGAGC
4-AACAAWGGVM	STREME-4	chr2	139937815	139937824	+	13.0658	2.81e-05	0.171	AACAAAGACA
4-AACAAWGGVM	STREME-4	chr5	144856199	144856208	-	13.0658	2.81e-05	0.171	AACAAAGACA
4-AACAAWGGVM	STREME-4	chr1	155212723	155212732	+	13.0658	2.81e-05	0.171	AACAAAGACA
4-AACAAWGGVM	STREME-4	chr17	37029096	37029105	-	13.0395	2.91e-05	0.171	AACAAAGGGG
4-AACAAWGGVM	STREME-4	chr6	54034707	54034716	-	13.0395	2.91e-05	0.171	AACAAAGGGG
4-AACAAWGGVM	STREME-4	chr4	54534191	54534200	-	13.0395	2.91e-05	0.171	AACAAAGGGG
4-AACAAWGGVM	STREME-4	chr13	63980183	63980192	-	13.0395	2.91e-05	0.171	AACAAAGGGG
4-AACAAWGGVM	STREME-4	chr1	86509638	86509647	-	13.0395	2.91e-05	0.171	AACAAAGGGG
4-AACAAWGGVM	STREME-4	chr5	135513437	135513446	-	13.0395	2.91e-05	0.171	AACAAAGGGG
4-AACAAWGGVM	STREME-4	chr5	135513477	135513486	-	13.0395	2.91e-05	0.171	AACAAAGGGG
4-AACAAWGGVM	STREME-4	chr4	138729498	138729507	-	13.0395	2.91e-05	0.171	AACAAAGGGG
4-AACAAWGGVM	STREME-4	chrX	143543498	143543507	+	13.0395	2.91e-05	0.171	AACAAAGGGG
4-AACAAWGGVM	STREME-4	chr14	47922054	47922063	-	13	3e-05	0.171	AACAAAGGCC
4-AACAAWGGVM	STREME-4	chr3	84665594	84665603	+	13	3e-05	0.171	AACAAAGGCC
4-AACAAWGGVM	STREME-4	chr10	85539631	85539640	-	13	3e-05	0.171	AACAAAGGCC
4-AACAAWGGVM	STREME-4	chr6	117330967	117330976	-	13	3e-05	0.171	AACAAAGGCC
4-AACAAWGGVM	STREME-4	chr5	119055643	119055652	-	13	3e-05	0.171	AACAAAGGCC
4-AACAAWGGVM	STREME-4	chr1	126861995	126862004	-	13	3e-05	0.171	AACAAAGGCC
4-AACAAWGGVM	STREME-4	chr18	37880095	37880104	+	12.9342	3.07e-05	0.171	AACAAAGGAT
4-AACAAWGGVM	STREME-4	chr17	87872258	87872267	+	12.9342	3.07e-05	0.171	AACAAAGGAT
4-AACAAWGGVM	STREME-4	chr6	149131198	149131207	-	12.9342	3.07e-05	0.171	AACAAAGGAT
4-AACAAWGGVM	STREME-4	chr2	154421377	154421386	-	12.9342	3.07e-05	0.171	AACAAAGGAT
4-AACAAWGGVM	STREME-4	chr1	154758869	154758878	+	12.9342	3.07e-05	0.171	AACAAAGGAT
4-AACAAWGGVM	STREME-4	chr10	8084717	8084726	-	12.8684	3.12e-05	0.171	AACAATAAAA
4-AACAAWGGVM	STREME-4	chr11	50263184	50263193	-	12.8684	3.12e-05	0.171	AACAATAAAA
4-AACAAWGGVM	STREME-4	chr17	73053660	73053669	+	12.8684	3.12e-05	0.171	AACAATAAAA
4-AACAAWGGVM	STREME-4	chr10	110856151	110856160	-	12.8684	3.12e-05	0.171	AACAATAAAA
4-AACAAWGGVM	STREME-4	chr16	21859108	21859117	-	12.8421	3.2e-05	0.171	GACAAAGGAA
4-AACAAWGGVM	STREME-4	chr8	33626286	33626295	+	12.8421	3.2e-05	0.171	GACAAAGGAA
4-AACAAWGGVM	STREME-4	chr18	34132798	34132807	-	12.8421	3.2e-05	0.171	GACAAAGGAA
4-AACAAWGGVM	STREME-4	chr2	58711788	58711797	+	12.8421	3.2e-05	0.171	GACAAAGGAA
4-AACAAWGGVM	STREME-4	chr9	65641616	65641625	-	12.8421	3.2e-05	0.171	GACAAAGGAA
4-AACAAWGGVM	STREME-4	chr10	77284166	77284175	-	12.8421	3.2e-05	0.171	GACAAAGGAA
4-AACAAWGGVM	STREME-4	chr2	93176963	93176972	+	12.8421	3.2e-05	0.171	GACAAAGGAA
4-AACAAWGGVM	STREME-4	chr4	96698410	96698419	-	12.8421	3.2e-05	0.171	GACAAAGGAA
4-AACAAWGGVM	STREME-4	chr4	137016101	137016110	+	12.8421	3.2e-05	0.171	GACAAAGGAA
4-AACAAWGGVM	STREME-4	chr15	25762206	25762215	-	12.8289	3.26e-05	0.171	AACAAAAAGA
4-AACAAWGGVM	STREME-4	chr16	93847140	93847149	-	12.8289	3.26e-05	0.171	AACAAAAAGA
4-AACAAWGGVM	STREME-4	chr2	164670946	164670955	+	12.8289	3.26e-05	0.171	AACAAAAAGA
4-AACAAWGGVM	STREME-4	chr15	28363657	28363666	-	12.8158	3.33e-05	0.171	AACAATGAGT
4-AACAAWGGVM	STREME-4	chr11	67017930	67017939	-	12.8158	3.33e-05	0.171	AACAATGAGT
4-AACAAWGGVM	STREME-4	chr1	127556253	127556262	-	12.8158	3.33e-05	0.171	AACAATGAGT
4-AACAAWGGVM	STREME-4	chr6	5482487	5482496	+	12.8026	3.4e-05	0.171	aacaatagac
4-AACAAWGGVM	STREME-4	chr19	4587105	4587114	-	12.7632	3.55e-05	0.171	AACAAAAGGC
4-AACAAWGGVM	STREME-4	chr15	7196279	7196288	+	12.7632	3.55e-05	0.171	AACAAAAGGC
4-AACAAWGGVM	STREME-4	chr18	24132873	24132882	+	12.7632	3.55e-05	0.171	aacaaaagca
4-AACAAWGGVM	STREME-4	chr12	27140574	27140583	-	12.7632	3.55e-05	0.171	AACAAAAGCA
4-AACAAWGGVM	STREME-4	chr16	31248815	31248824	+	12.7632	3.55e-05	0.171	AACAAAAGCA
4-AACAAWGGVM	STREME-4	chr11	33234354	33234363	+	12.7632	3.55e-05	0.171	AACAAAAGGC
4-AACAAWGGVM	STREME-4	chr18	34561490	34561499	+	12.7632	3.55e-05	0.171	AACAAAAGGC
4-AACAAWGGVM	STREME-4	chr15	36066846	36066855	+	12.7632	3.55e-05	0.171	AACAAAAGGC
4-AACAAWGGVM	STREME-4	chr14	61453084	61453093	+	12.7632	3.55e-05	0.171	AACAAAAGCA
4-AACAAWGGVM	STREME-4	chr11	76329197	76329206	-	12.7632	3.55e-05	0.171	AACAAAAGCA
4-AACAAWGGVM	STREME-4	chr8	78147572	78147581	+	12.7632	3.55e-05	0.171	AACAAAAGCA
4-AACAAWGGVM	STREME-4	chr17	79881303	79881312	+	12.7632	3.55e-05	0.171	AACAAAAGCA
4-AACAAWGGVM	STREME-4	chr14	80233295	80233304	-	12.7632	3.55e-05	0.171	AACAAAAGCA
4-AACAAWGGVM	STREME-4	chr6	88981778	88981787	-	12.7632	3.55e-05	0.171	AACAAAAGCA
4-AACAAWGGVM	STREME-4	chr3	90623504	90623513	+	12.7632	3.55e-05	0.171	AACAAAAGGC
4-AACAAWGGVM	STREME-4	chr3	90623521	90623530	+	12.7632	3.55e-05	0.171	AACAAAAGCA
4-AACAAWGGVM	STREME-4	chr4	94752739	94752748	+	12.7632	3.55e-05	0.171	AACAAAAGGC
4-AACAAWGGVM	STREME-4	chr7	101677112	101677121	-	12.7632	3.55e-05	0.171	AACAAAAGGC
4-AACAAWGGVM	STREME-4	chr4	106989289	106989298	-	12.7632	3.55e-05	0.171	AACAAAAGCA
4-AACAAWGGVM	STREME-4	chr9	112130877	112130886	+	12.7632	3.55e-05	0.171	AACAAAAGCA
4-AACAAWGGVM	STREME-4	chr6	127701197	127701206	+	12.7632	3.55e-05	0.171	aacaaaaggc
4-AACAAWGGVM	STREME-4	chr3	129918534	129918543	+	12.7632	3.55e-05	0.171	AACAAAAGGC
4-AACAAWGGVM	STREME-4	chr3	137683638	137683647	-	12.7632	3.55e-05	0.171	AACAAAAGGC
4-AACAAWGGVM	STREME-4	chr12	27140507	27140516	+	12.75	3.63e-05	0.171	AACAATGGCT
4-AACAAWGGVM	STREME-4	chr13	56995333	56995342	-	12.75	3.63e-05	0.171	AACAATGGCT
4-AACAAWGGVM	STREME-4	chr2	75265650	75265659	+	12.75	3.63e-05	0.171	AACAATGGCT
4-AACAAWGGVM	STREME-4	chr4	80912153	80912162	+	12.75	3.63e-05	0.171	AACAATGGCT
4-AACAAWGGVM	STREME-4	chr12	83303815	83303824	+	12.75	3.63e-05	0.171	AACAATGGCT
4-AACAAWGGVM	STREME-4	chr5	105498664	105498673	-	12.75	3.63e-05	0.171	AACAATGGCT
4-AACAAWGGVM	STREME-4	chr4	123624717	123624726	-	12.75	3.63e-05	0.171	AACAATGGCT
4-AACAAWGGVM	STREME-4	chr7	138153578	138153587	+	12.75	3.63e-05	0.171	AACAATGGCT
4-AACAAWGGVM	STREME-4	chr2	154466095	154466104	-	12.75	3.63e-05	0.171	AACAATGGCT
4-AACAAWGGVM	STREME-4	chr2	34480323	34480332	-	12.7237	3.78e-05	0.171	AACAAAGAAC
4-AACAAWGGVM	STREME-4	chr6	39494708	39494717	+	12.7237	3.78e-05	0.171	AACAAAGAAC
4-AACAAWGGVM	STREME-4	chr3	58872195	58872204	-	12.7237	3.78e-05	0.171	AACAAAGAAC
4-AACAAWGGVM	STREME-4	chr1	59516164	59516173	+	12.7237	3.78e-05	0.171	AACAAAGAAC
4-AACAAWGGVM	STREME-4	chr1	63253150	63253159	-	12.7237	3.78e-05	0.171	AACAAAGAAC
4-AACAAWGGVM	STREME-4	chr13	68943009	68943018	-	12.7237	3.78e-05	0.171	AACAAAGAAC
4-AACAAWGGVM	STREME-4	chr13	70884065	70884074	+	12.7237	3.78e-05	0.171	GACAATGAGA
4-AACAAWGGVM	STREME-4	chr2	104378385	104378394	+	12.7237	3.78e-05	0.171	gacaatgaga
4-AACAAWGGVM	STREME-4	chr2	157328784	157328793	-	12.7237	3.78e-05	0.171	GACAATGAGA
4-AACAAWGGVM	STREME-4	chr2	160603502	160603511	-	12.7237	3.78e-05	0.171	GACAATGAGA
4-AACAAWGGVM	STREME-4	chr1	170655602	170655611	-	12.7237	3.78e-05	0.171	AACAAAGAAC
4-AACAAWGGVM	STREME-4	chr11	18748422	18748431	+	12.6974	3.86e-05	0.171	AACAAAGGAG
4-AACAAWGGVM	STREME-4	chr9	40614393	40614402	+	12.6974	3.86e-05	0.171	AACAAAGGAG
4-AACAAWGGVM	STREME-4	chr13	43531292	43531301	-	12.6974	3.86e-05	0.171	AACAAAGGAG
4-AACAAWGGVM	STREME-4	chr12	51704177	51704186	-	12.6974	3.86e-05	0.171	AACAAAGGAG
4-AACAAWGGVM	STREME-4	chr15	90333317	90333326	-	12.6974	3.86e-05	0.171	AACAAAGGAG
4-AACAAWGGVM	STREME-4	chr4	102592086	102592095	+	12.6974	3.86e-05	0.171	AACAAAGGAG
4-AACAAWGGVM	STREME-4	chr11	109098011	109098020	-	12.6974	3.86e-05	0.171	AACAAAGGAG
4-AACAAWGGVM	STREME-4	chr4	114459831	114459840	+	12.6974	3.86e-05	0.171	AACAAAGGAG
4-AACAAWGGVM	STREME-4	chr4	126116062	126116071	-	12.6974	3.86e-05	0.171	AACAAAGGAG
4-AACAAWGGVM	STREME-4	chr5	144762440	144762449	+	12.6974	3.86e-05	0.171	AACAAAGGAG
4-AACAAWGGVM	STREME-4	chr16	35603848	35603857	+	12.6579	4.06e-05	0.176	GACAATGGGC
4-AACAAWGGVM	STREME-4	chr3	36551494	36551503	+	12.6579	4.06e-05	0.176	GACAATGGCA
4-AACAAWGGVM	STREME-4	chr18	38903975	38903984	+	12.6579	4.06e-05	0.176	GACAATGGCA
4-AACAAWGGVM	STREME-4	chr8	106619610	106619619	+	12.6579	4.06e-05	0.176	GACAATGGGC
4-AACAAWGGVM	STREME-4	chr5	131584846	131584855	+	12.6579	4.06e-05	0.176	GACAATGGCA
4-AACAAWGGVM	STREME-4	chr2	166653766	166653775	+	12.6579	4.06e-05	0.176	GACAATGGCA
4-AACAAWGGVM	STREME-4	chr13	44751823	44751832	+	12.6447	4.12e-05	0.177	AACAATGATA
4-AACAAWGGVM	STREME-4	chr5	60061306	60061315	+	12.6447	4.12e-05	0.177	AACAATGATA
4-AACAAWGGVM	STREME-4	chr17	87872282	87872291	-	12.6447	4.12e-05	0.177	AACAATGATA
4-AACAAWGGVM	STREME-4	chr19	9941206	9941215	-	12.5789	4.29e-05	0.182	AACAATGGTC
4-AACAAWGGVM	STREME-4	chr2	71629690	71629699	-	12.5789	4.29e-05	0.182	AACAATGGTC
4-AACAAWGGVM	STREME-4	chr3	96424596	96424605	-	12.5789	4.29e-05	0.182	AACAATGGTC
4-AACAAWGGVM	STREME-4	chr10	100128282	100128291	+	12.5789	4.29e-05	0.182	AACAATGGTC
4-AACAAWGGVM	STREME-4	chr11	109097994	109098003	-	12.5395	4.37e-05	0.183	AACAATGACC
4-AACAAWGGVM	STREME-4	chr7	116630389	116630398	+	12.5395	4.37e-05	0.183	aacaatgacc
4-AACAAWGGVM	STREME-4	chr1	167289787	167289796	+	12.5395	4.37e-05	0.183	AACAATGACC
4-AACAAWGGVM	STREME-4	chr1	190448342	190448351	+	12.5132	4.53e-05	0.189	AACAATGGCG
4-AACAAWGGVM	STREME-4	chr2	18920872	18920881	+	12.4868	4.58e-05	0.189	aacaaaaaaa
4-AACAAWGGVM	STREME-4	chr1	20678182	20678191	+	12.4868	4.58e-05	0.189	AACAAAAAAA
4-AACAAWGGVM	STREME-4	chr5	50050376	50050385	-	12.4868	4.58e-05	0.189	AACAAAAAAA
4-AACAAWGGVM	STREME-4	chr12	110478719	110478728	+	12.4868	4.58e-05	0.189	AACAAAAAAA
4-AACAAWGGVM	STREME-4	chr4	128715582	128715591	+	12.4868	4.58e-05	0.189	AACAAAAAAA
4-AACAAWGGVM	STREME-4	chr6	30121579	30121588	-	12.4737	4.64e-05	0.189	AACAATGAAT
4-AACAAWGGVM	STREME-4	chr3	36551705	36551714	-	12.4737	4.64e-05	0.189	AACAATGAAT
4-AACAAWGGVM	STREME-4	chr1	89542756	89542765	-	12.4737	4.64e-05	0.189	AACAATGAAT
4-AACAAWGGVM	STREME-4	chr14	121613759	121613768	+	12.4737	4.64e-05	0.189	AACAATGAAT
4-AACAAWGGVM	STREME-4	chr9	7784769	7784778	-	12.4342	4.71e-05	0.19	AACAAAGAGT
4-AACAAWGGVM	STREME-4	chr17	66480095	66480104	-	12.4342	4.71e-05	0.19	AACAAAGAGT
4-AACAAWGGVM	STREME-4	chr15	101375905	101375914	+	12.4342	4.71e-05	0.19	AACAAAGAGT
4-AACAAWGGVM	STREME-4	chr2	165629903	165629912	-	12.4342	4.71e-05	0.19	AACAAAGAGT
4-AACAAWGGVM	STREME-4	chr12	88376988	88376997	-	12.4211	4.86e-05	0.193	AACAAAAGAC
4-AACAAWGGVM	STREME-4	chr3	88473178	88473187	+	12.4211	4.86e-05	0.193	AACAAAAGAC
4-AACAAWGGVM	STREME-4	chr6	88925662	88925671	+	12.4211	4.86e-05	0.193	AACAAAAGAC
4-AACAAWGGVM	STREME-4	chr13	113192247	113192256	+	12.4211	4.86e-05	0.193	aacaaaagac
4-AACAAWGGVM	STREME-4	chr2	150735946	150735955	+	12.4211	4.86e-05	0.193	AACAAAAGAC
4-AACAAWGGVM	STREME-4	chr17	74265242	74265251	+	12.3816	4.93e-05	0.194	GACAATGAAA
4-AACAAWGGVM	STREME-4	chr6	97048596	97048605	-	12.3816	4.93e-05	0.194	GACAATGAAA
4-AACAAWGGVM	STREME-4	chr4	126248712	126248721	+	12.3816	4.93e-05	0.194	GACAATGAAA
4-AACAAWGGVM	STREME-4	chr18	34132734	34132743	+	12.3684	5.01e-05	0.194	AACAAAGGCT
4-AACAAWGGVM	STREME-4	chr11	66155729	66155738	+	12.3684	5.01e-05	0.194	AACAAAGGCT
4-AACAAWGGVM	STREME-4	chr13	74025343	74025352	-	12.3684	5.01e-05	0.194	AACAAAGGCT
4-AACAAWGGVM	STREME-4	chr10	76067844	76067853	+	12.3684	5.01e-05	0.194	AACAAAGGCT
4-AACAAWGGVM	STREME-4	chr12	100239610	100239619	+	12.3684	5.01e-05	0.194	aacaaaggct
4-AACAAWGGVM	STREME-4	chrX	162010119	162010128	+	12.3684	5.01e-05	0.194	AACAAAGGCT
4-AACAAWGGVM	STREME-4	chr19	21784820	21784829	-	12.3421	5.15e-05	0.195	GACAAAGAGA
4-AACAAWGGVM	STREME-4	chr10	33196091	33196100	+	12.3421	5.15e-05	0.195	GACAAAGAGA
4-AACAAWGGVM	STREME-4	chr6	54034678	54034687	-	12.3421	5.15e-05	0.195	GACAAAGAGA
4-AACAAWGGVM	STREME-4	chr10	57562825	57562834	+	12.3421	5.15e-05	0.195	GACAAAGAGA
4-AACAAWGGVM	STREME-4	chr11	76329318	76329327	+	12.3421	5.15e-05	0.195	AACAATAGTA
4-AACAAWGGVM	STREME-4	chr6	81772144	81772153	+	12.3421	5.15e-05	0.195	AACAATAGTA
4-AACAAWGGVM	STREME-4	chr7	141934828	141934837	-	12.3421	5.15e-05	0.195	GACAAAGAGA
4-AACAAWGGVM	STREME-4	chr11	117978148	117978157	-	12.3158	5.25e-05	0.198	GACAATGGAC
4-AACAAWGGVM	STREME-4	chr11	20655910	20655919	-	12.3026	5.38e-05	0.202	AACAATAAGC
4-AACAAWGGVM	STREME-4	chr5	128439881	128439890	-	12.3026	5.38e-05	0.202	AACAATAACA
4-AACAAWGGVM	STREME-4	chr18	5979310	5979319	+	12.2763	5.66e-05	0.203	GACAAAGGGC
4-AACAAWGGVM	STREME-4	chr5	14039310	14039319	-	12.2763	5.66e-05	0.203	GACAAAGGGC
4-AACAAWGGVM	STREME-4	chr6	60742979	60742988	+	12.2763	5.66e-05	0.203	GACAAAGGCA
4-AACAAWGGVM	STREME-4	chr9	61293438	61293447	-	12.2763	5.66e-05	0.203	GACAAAGGGC
4-AACAAWGGVM	STREME-4	chr4	62393649	62393658	+	12.2763	5.66e-05	0.203	GACAAAGGGC
4-AACAAWGGVM	STREME-4	chr6	77969980	77969989	-	12.2763	5.66e-05	0.203	GACAAAGGGC
4-AACAAWGGVM	STREME-4	chr3	83980659	83980668	+	12.2763	5.66e-05	0.203	GACAAAGGGC
4-AACAAWGGVM	STREME-4	chr2	91904835	91904844	-	12.2763	5.66e-05	0.203	GACAAAGGCA
4-AACAAWGGVM	STREME-4	chr2	93447641	93447650	-	12.2763	5.66e-05	0.203	GACAAAGGCA
4-AACAAWGGVM	STREME-4	chr15	96297327	96297336	-	12.2763	5.66e-05	0.203	GACAAAGGCA
4-AACAAWGGVM	STREME-4	chr6	105392083	105392092	-	12.2763	5.66e-05	0.203	GACAAAGGGC
4-AACAAWGGVM	STREME-4	chr5	105498688	105498697	+	12.2763	5.66e-05	0.203	GACAAAGGCA
4-AACAAWGGVM	STREME-4	chr9	106453022	106453031	-	12.2763	5.66e-05	0.203	GACAAAGGGC
4-AACAAWGGVM	STREME-4	chr8	126839199	126839208	-	12.2763	5.66e-05	0.203	GACAAAGGGC
4-AACAAWGGVM	STREME-4	chr1	127556330	127556339	+	12.2763	5.66e-05	0.203	GACAAAGGGC
4-AACAAWGGVM	STREME-4	chr4	155136067	155136076	-	12.2763	5.66e-05	0.203	GACAAAGGCA
4-AACAAWGGVM	STREME-4	chr2	181044122	181044131	-	12.2763	5.66e-05	0.203	GACAAAGGGC
4-AACAAWGGVM	STREME-4	chr4	123228279	123228288	-	12.2632	5.72e-05	0.205	AACAAAGATA
4-AACAAWGGVM	STREME-4	chr17	25760121	25760130	-	12.2368	5.87e-05	0.207	AACAATAGCC
4-AACAAWGGVM	STREME-4	chr14	40690219	40690228	+	12.2368	5.87e-05	0.207	AACAATGAAG
4-AACAAWGGVM	STREME-4	chr15	73447103	73447112	-	12.2368	5.87e-05	0.207	AACAATAGCC
4-AACAAWGGVM	STREME-4	chr3	84665519	84665528	-	12.2368	5.87e-05	0.207	AACAATGAAG
4-AACAAWGGVM	STREME-4	chr10	100066226	100066235	+	12.2368	5.87e-05	0.207	AACAATGAAG
4-AACAAWGGVM	STREME-4	chr1	155790647	155790656	-	12.2368	5.87e-05	0.207	AACAATGAAG
4-AACAAWGGVM	STREME-4	chr8	23918532	23918541	-	12.1974	6.03e-05	0.208	AACAAAGGTC
4-AACAAWGGVM	STREME-4	chr16	32516239	32516248	+	12.1974	6.03e-05	0.208	AACAAAGAGG
4-AACAAWGGVM	STREME-4	chr16	37964156	37964165	-	12.1974	6.03e-05	0.208	AACAAAGGTC
4-AACAAWGGVM	STREME-4	chr6	88925899	88925908	-	12.1974	6.03e-05	0.208	AACAAAGAGG
4-AACAAWGGVM	STREME-4	chr6	89059881	89059890	+	12.1974	6.03e-05	0.208	AACAAAGGTC
4-AACAAWGGVM	STREME-4	chr8	90245004	90245013	+	12.1974	6.03e-05	0.208	AACAAAGAGG
4-AACAAWGGVM	STREME-4	chr5	112239366	112239375	-	12.1974	6.03e-05	0.208	AACAAAGGTC
4-AACAAWGGVM	STREME-4	chr17	5623447	5623456	+	12.1579	6.17e-05	0.21	AACAAAGACC
4-AACAAWGGVM	STREME-4	chr17	31586558	31586567	-	12.1579	6.17e-05	0.21	AACAAAGACC
4-AACAAWGGVM	STREME-4	chr2	34080254	34080263	+	12.1579	6.17e-05	0.21	AACAAAGACC
4-AACAAWGGVM	STREME-4	chr10	90467762	90467771	+	12.1579	6.17e-05	0.21	AACAAAGACC
4-AACAAWGGVM	STREME-4	chr15	97472329	97472338	+	12.1579	6.17e-05	0.21	aacaAAGACC
4-AACAAWGGVM	STREME-4	chr9	118714702	118714711	+	12.1579	6.17e-05	0.21	AACAAAGACC
4-AACAAWGGVM	STREME-4	chr5	23414394	23414403	+	12.1316	6.33e-05	0.212	AACAAAAGGT
4-AACAAWGGVM	STREME-4	chr9	63611119	63611128	+	12.1316	6.33e-05	0.212	AACAAAGGCG
4-AACAAWGGVM	STREME-4	chr3	76121683	76121692	+	12.1316	6.33e-05	0.212	AACAAAAGGT
4-AACAAWGGVM	STREME-4	chr13	102896153	102896162	-	12.1316	6.33e-05	0.212	AACAAAAGGT
4-AACAAWGGVM	STREME-4	chr2	157328601	157328610	-	12.1316	6.33e-05	0.212	AACAAAGGCG
4-AACAAWGGVM	STREME-4	chr2	161339268	161339277	+	12.1316	6.33e-05	0.212	AACAAAAGGT
4-AACAAWGGVM	STREME-4	chr3	53594038	53594047	+	12.0921	6.39e-05	0.212	AACAAAGAAT
4-AACAAWGGVM	STREME-4	chr7	29837165	29837174	-	12.0789	6.46e-05	0.212	GACAATAGAA
4-AACAAWGGVM	STREME-4	chr4	33198326	33198335	+	12.0789	6.46e-05	0.212	gacaatagaa
4-AACAAWGGVM	STREME-4	chr7	48944768	48944777	-	12.0789	6.46e-05	0.212	GACAATAGAA
4-AACAAWGGVM	STREME-4	chr10	105639117	105639126	-	12.0789	6.46e-05	0.212	GACAATAGAA
4-AACAAWGGVM	STREME-4	chr13	51920905	51920914	+	12.0395	6.54e-05	0.212	GACAAAAGGA
4-AACAAWGGVM	STREME-4	chr8	84351069	84351078	-	12.0395	6.54e-05	0.212	GACAAAAGGA
4-AACAAWGGVM	STREME-4	chr9	115537392	115537401	+	12.0395	6.54e-05	0.212	gacaaaagga
4-AACAAWGGVM	STREME-4	chr6	116405347	116405356	-	12.0395	6.54e-05	0.212	GACAAAAGGA
4-AACAAWGGVM	STREME-4	chr9	120759968	120759977	+	12.0395	6.54e-05	0.212	GACAAAAGGA
4-AACAAWGGVM	STREME-4	chr2	165630290	165630299	-	12.0395	6.54e-05	0.212	GACAAAAGGA
4-AACAAWGGVM	STREME-4	chr1	165911730	165911739	+	12.0395	6.54e-05	0.212	GACAAAAGGA
4-AACAAWGGVM	STREME-4	chr2	167021882	167021891	-	12.0395	6.54e-05	0.212	GACAAAAGGA
4-AACAAWGGVM	STREME-4	chr17	11093095	11093104	+	12.0263	6.64e-05	0.212	GACAATGGGT
4-AACAAWGGVM	STREME-4	chr5	59138927	59138936	+	12.0263	6.64e-05	0.212	GACAATGGGT
4-AACAAWGGVM	STREME-4	chr10	127659746	127659755	+	12.0263	6.64e-05	0.212	GACAATGGGT
4-AACAAWGGVM	STREME-4	chr14	25473498	25473507	+	12	6.71e-05	0.212	GACAAAGAAA
4-AACAAWGGVM	STREME-4	chr9	65641649	65641658	-	12	6.71e-05	0.212	GACAAAGAAA
4-AACAAWGGVM	STREME-4	chr17	66479974	66479983	+	12	6.71e-05	0.212	GACAAAGAAA
4-AACAAWGGVM	STREME-4	chr10	87541103	87541112	+	12	6.71e-05	0.212	GACAAAGAAA
4-AACAAWGGVM	STREME-4	chr4	154183082	154183091	+	12	6.71e-05	0.212	GACAAAGAAA
4-AACAAWGGVM	STREME-4	chr2	181044111	181044120	+	12	6.71e-05	0.212	GACAAAGAAA
4-AACAAWGGVM	STREME-4	chr2	33206067	33206076	+	11.9605	6.83e-05	0.212	AACAATAAAC
4-AACAAWGGVM	STREME-4	chr18	78495836	78495845	+	11.9605	6.83e-05	0.212	AACAATAAAC
4-AACAAWGGVM	STREME-4	chr12	99067551	99067560	-	11.9605	6.83e-05	0.212	AACAATAAAC
4-AACAAWGGVM	STREME-4	chr14	123660415	123660424	-	11.9605	6.83e-05	0.212	AACAATAAAC
4-AACAAWGGVM	STREME-4	chr10	24166347	24166356	-	11.9474	6.9e-05	0.212	AACAATGGTT
4-AACAAWGGVM	STREME-4	chr9	24878997	24879006	+	11.9474	6.9e-05	0.212	AACAATGGTT
4-AACAAWGGVM	STREME-4	chr11	28735133	28735142	-	11.9474	6.9e-05	0.212	AACAATGGTT
4-AACAAWGGVM	STREME-4	chr1	68049904	68049913	+	11.9474	6.9e-05	0.212	AACAATGGTT
4-AACAAWGGVM	STREME-4	chr5	120674603	120674612	-	11.9474	6.9e-05	0.212	AACAATGGTT
4-AACAAWGGVM	STREME-4	chr19	5224796	5224805	-	11.9342	7.06e-05	0.212	AACAATAGAG
4-AACAAWGGVM	STREME-4	chr15	8832157	8832166	+	11.9342	7.06e-05	0.212	aacaatagag
4-AACAAWGGVM	STREME-4	chr16	13981884	13981893	+	11.9342	7.06e-05	0.212	aacaatagag
4-AACAAWGGVM	STREME-4	chr16	19238078	19238087	+	11.9342	7.06e-05	0.212	aacaatagag
4-AACAAWGGVM	STREME-4	chr4	38424687	38424696	-	11.9342	7.06e-05	0.212	AACAATAGAG
4-AACAAWGGVM	STREME-4	chr2	49817514	49817523	-	11.9342	7.06e-05	0.212	AACAATAGAG
4-AACAAWGGVM	STREME-4	chr6	59169114	59169123	-	11.9342	7.06e-05	0.212	AACAATAGAG
4-AACAAWGGVM	STREME-4	chr14	70132926	70132935	-	11.9342	7.06e-05	0.212	GACAAAGGAC
4-AACAAWGGVM	STREME-4	chr17	89934221	89934230	+	11.9342	7.06e-05	0.212	aacaatagag
4-AACAAWGGVM	STREME-4	chr16	91693903	91693912	+	11.9342	7.06e-05	0.212	aacaatagag
4-AACAAWGGVM	STREME-4	chr9	94670494	94670503	-	11.9342	7.06e-05	0.212	GACAAAGGAC
4-AACAAWGGVM	STREME-4	chr6	100075988	100075997	-	11.9342	7.06e-05	0.212	GACAAAGGAC
4-AACAAWGGVM	STREME-4	chr11	114795526	114795535	+	11.9342	7.06e-05	0.212	AACAATAGAG
4-AACAAWGGVM	STREME-4	chr1	129006065	129006074	+	11.9342	7.06e-05	0.212	GACAAAGGAC
4-AACAAWGGVM	STREME-4	chr2	161339450	161339459	+	11.9342	7.06e-05	0.212	GACAAAGGAC
4-AACAAWGGVM	STREME-4	chr5	50050366	50050375	-	11.9211	7.19e-05	0.212	AACAAAAACA
4-AACAAWGGVM	STREME-4	chr18	54686074	54686083	-	11.9211	7.19e-05	0.212	AACAAAAACA
4-AACAAWGGVM	STREME-4	chr2	92948275	92948284	-	11.9211	7.19e-05	0.212	AACAAAAACA
4-AACAAWGGVM	STREME-4	chr12	111135912	111135921	+	11.9211	7.19e-05	0.212	aacaaaaACA
4-AACAAWGGVM	STREME-4	chr8	121919703	121919712	+	11.9211	7.19e-05	0.212	aacaaaaaca
4-AACAAWGGVM	STREME-4	chr2	158799597	158799606	+	11.9211	7.19e-05	0.212	AACAAAAACA
4-AACAAWGGVM	STREME-4	chr17	15330081	15330090	+	11.9079	7.26e-05	0.212	AACAATGACT
4-AACAAWGGVM	STREME-4	chr15	86437419	86437428	-	11.9079	7.26e-05	0.212	AACAATGACT
4-AACAAWGGVM	STREME-4	chr5	113873500	113873509	-	11.9079	7.26e-05	0.212	AACAATGACT
4-AACAAWGGVM	STREME-4	chr2	141312355	141312364	-	11.9079	7.26e-05	0.212	AACAATGACT
4-AACAAWGGVM	STREME-4	chr5	15986182	15986191	+	11.8947	7.34e-05	0.212	AACAAAAGGG
4-AACAAWGGVM	STREME-4	chr16	20837056	20837065	-	11.8947	7.34e-05	0.212	AACAAAAGGG
4-AACAAWGGVM	STREME-4	chr2	82259065	82259074	-	11.8947	7.34e-05	0.212	AACAAAAGGG
4-AACAAWGGVM	STREME-4	chr10	84111566	84111575	-	11.8947	7.34e-05	0.212	AACAAAAGGG
4-AACAAWGGVM	STREME-4	chr7	127116611	127116620	+	11.8947	7.34e-05	0.212	AACAAAAGGG
4-AACAAWGGVM	STREME-4	chrX	162009999	162010008	-	11.8947	7.34e-05	0.212	AACAAAAGGG
4-AACAAWGGVM	STREME-4	chr9	14904262	14904271	+	11.8553	7.57e-05	0.212	AACAAAAGCC
4-AACAAWGGVM	STREME-4	chr5	26991753	26991762	+	11.8553	7.57e-05	0.212	AACAAAGAAG
4-AACAAWGGVM	STREME-4	chr11	30597433	30597442	-	11.8553	7.57e-05	0.212	GACAATGGTA
4-AACAAWGGVM	STREME-4	chr15	31294550	31294559	-	11.8553	7.57e-05	0.212	AACAAAGAAG
4-AACAAWGGVM	STREME-4	chr9	31838188	31838197	+	11.8553	7.57e-05	0.212	AACAAAAGCC
4-AACAAWGGVM	STREME-4	chr3	36551235	36551244	-	11.8553	7.57e-05	0.212	AACAAAGAAG
4-AACAAWGGVM	STREME-4	chr18	37880253	37880262	-	11.8553	7.57e-05	0.212	AACAAAGAAG
4-AACAAWGGVM	STREME-4	chr10	45103529	45103538	+	11.8553	7.57e-05	0.212	AACAAAAGCC
4-AACAAWGGVM	STREME-4	chr18	54686387	54686396	+	11.8553	7.57e-05	0.212	AACAAAGAAG
4-AACAAWGGVM	STREME-4	chr14	67242332	67242341	+	11.8553	7.57e-05	0.212	AACAAAAGCC
4-AACAAWGGVM	STREME-4	chr6	81771997	81772006	+	11.8553	7.57e-05	0.212	GACAATGGTA
4-AACAAWGGVM	STREME-4	chr18	88961679	88961688	-	11.8553	7.57e-05	0.212	AACAAAGAAG
4-AACAAWGGVM	STREME-4	chr8	90244993	90245002	+	11.8553	7.57e-05	0.212	AACAAAAGCC
4-AACAAWGGVM	STREME-4	chr10	100128295	100128304	+	11.8553	7.57e-05	0.212	AACAAAAGCC
4-AACAAWGGVM	STREME-4	chr13	107679239	107679248	+	11.8553	7.57e-05	0.212	AACAAAGAAG
4-AACAAWGGVM	STREME-4	chr7	18942559	18942568	+	11.8158	7.74e-05	0.212	GACAATGAGC
4-AACAAWGGVM	STREME-4	chr9	20697670	20697679	-	11.8158	7.74e-05	0.212	GACAATGACA
4-AACAAWGGVM	STREME-4	chr12	31926947	31926956	+	11.8158	7.74e-05	0.212	GACAATGACA
4-AACAAWGGVM	STREME-4	chr4	33846098	33846107	-	11.8158	7.74e-05	0.212	GACAATGAGC
4-AACAAWGGVM	STREME-4	chr16	34562126	34562135	-	11.8158	7.74e-05	0.212	GACAATGAGC
4-AACAAWGGVM	STREME-4	chr4	46070038	46070047	+	11.8158	7.74e-05	0.212	GACAATGACA
4-AACAAWGGVM	STREME-4	chr4	46070044	46070053	+	11.8158	7.74e-05	0.212	GACAATGACA
4-AACAAWGGVM	STREME-4	chr14	48073782	48073791	-	11.8158	7.74e-05	0.212	GACAATGAGC
4-AACAAWGGVM	STREME-4	chr15	86005918	86005927	+	11.8158	7.74e-05	0.212	GACAATGACA
4-AACAAWGGVM	STREME-4	chr13	102896098	102896107	+	11.8158	7.74e-05	0.212	GACAATGAGC
4-AACAAWGGVM	STREME-4	chr5	113845860	113845869	+	11.8158	7.74e-05	0.212	gacaatgagc
4-AACAAWGGVM	STREME-4	chr7	130713455	130713464	+	11.8158	7.74e-05	0.212	GACAATGAGC
4-AACAAWGGVM	STREME-4	chr1	182612511	182612520	+	11.8158	7.74e-05	0.212	GACAATGACA
4-AACAAWGGVM	STREME-4	chr17	27505561	27505570	+	11.7895	7.91e-05	0.216	GACAATGGGG
4-AACAAWGGVM	STREME-4	chr12	84625209	84625218	-	11.7895	7.91e-05	0.216	GACAATGGGG
4-AACAAWGGVM	STREME-4	chr4	150404724	150404733	-	11.7895	7.91e-05	0.216	AACAAAAGAT
4-AACAAWGGVM	STREME-4	chr1	41390459	41390468	-	11.75	8.02e-05	0.217	GACAATGGCC
4-AACAAWGGVM	STREME-4	chr11	44746947	44746956	+	11.75	8.02e-05	0.217	GACAATGGCC
4-AACAAWGGVM	STREME-4	chr11	47640753	47640762	+	11.75	8.02e-05	0.217	GACAATGGCC
4-AACAAWGGVM	STREME-4	chr16	18725000	18725009	+	11.7368	8.09e-05	0.218	aacaatgatc
4-AACAAWGGVM	STREME-4	chr15	93711677	93711686	+	11.7368	8.09e-05	0.218	AACAATGATC
4-AACAAWGGVM	STREME-4	chr9	29434392	29434401	-	11.7105	8.17e-05	0.219	AACAATGGTG
4-AACAAWGGVM	STREME-4	chr9	63535152	63535161	+	11.7105	8.17e-05	0.219	AACAATGGTG
4-AACAAWGGVM	STREME-4	chr15	98955227	98955236	+	11.7105	8.17e-05	0.219	AACAATGGTG
4-AACAAWGGVM	STREME-4	chr7	115132110	115132119	+	11.7105	8.17e-05	0.219	AACAATGGTG
4-AACAAWGGVM	STREME-4	chr10	46922901	46922910	-	11.6974	8.24e-05	0.219	GACAAAAGAA
4-AACAAWGGVM	STREME-4	chr2	92373465	92373474	+	11.6974	8.24e-05	0.219	gacaaaagaa
4-AACAAWGGVM	STREME-4	chr4	136750964	136750973	-	11.6974	8.24e-05	0.219	GACAAAAGAA
4-AACAAWGGVM	STREME-4	chr11	4726906	4726915	-	11.6842	8.32e-05	0.22	GACAATGGAT
4-AACAAWGGVM	STREME-4	chr5	22164537	22164546	+	11.6842	8.32e-05	0.22	gacaatggat
4-AACAAWGGVM	STREME-4	chr4	117132133	117132142	+	11.6842	8.32e-05	0.22	GACAATGGAT
4-AACAAWGGVM	STREME-4	chr1	126861971	126861980	+	11.6842	8.32e-05	0.22	GACAATGGAT
4-AACAAWGGVM	STREME-4	chr8	83584744	83584753	+	11.6711	8.46e-05	0.222	AACAATAAGT
4-AACAAWGGVM	STREME-4	chr1	157101726	157101735	-	11.6711	8.46e-05	0.222	AACAATGACG
4-AACAAWGGVM	STREME-4	chr17	15343261	15343270	+	11.6447	8.55e-05	0.222	GACAAAGGGT
4-AACAAWGGVM	STREME-4	chr2	20665740	20665749	-	11.6447	8.55e-05	0.222	GACAAAGGGT
4-AACAAWGGVM	STREME-4	chr11	79613279	79613288	-	11.6447	8.55e-05	0.222	GACAAAGGGT
4-AACAAWGGVM	STREME-4	chr8	12519936	12519945	-	11.6053	8.62e-05	0.222	AACAATAGCT
4-AACAAWGGVM	STREME-4	chr12	17626253	17626262	+	11.6053	8.62e-05	0.222	AACAATAGCT
4-AACAAWGGVM	STREME-4	chr11	51448876	51448885	+	11.6053	8.62e-05	0.222	AACAATAGCT
4-AACAAWGGVM	STREME-4	chr4	87369835	87369844	-	11.6053	8.62e-05	0.222	AACAATAGCT
4-AACAAWGGVM	STREME-4	chr17	7186935	7186944	-	11.5789	8.75e-05	0.222	AACAAAAAAC
4-AACAAWGGVM	STREME-4	chr16	33673762	33673771	+	11.5789	8.75e-05	0.222	AACAAAAAAC
4-AACAAWGGVM	STREME-4	chr6	36762245	36762254	-	11.5789	8.75e-05	0.222	AACAAAAAAC
4-AACAAWGGVM	STREME-4	chr6	36762252	36762261	-	11.5789	8.75e-05	0.222	AACAAAAAAC
4-AACAAWGGVM	STREME-4	chr6	36762259	36762268	-	11.5789	8.75e-05	0.222	AACAAAAAAC
4-AACAAWGGVM	STREME-4	chr14	45325844	45325853	-	11.5789	8.75e-05	0.222	AACAAAAAAC
4-AACAAWGGVM	STREME-4	chr17	31033340	31033349	-	11.5658	8.82e-05	0.222	AACAAAGGTT
4-AACAAWGGVM	STREME-4	chr10	77284158	77284167	-	11.5658	8.82e-05	0.222	AACAAAGGTT
4-AACAAWGGVM	STREME-4	chr16	89973883	89973892	-	11.5658	8.82e-05	0.222	AACAAAGGTT
4-AACAAWGGVM	STREME-4	chr1	177646202	177646211	+	11.5658	8.82e-05	0.222	AACAAAGGTT
4-AACAAWGGVM	STREME-4	chr15	7085094	7085103	+	11.5526	8.89e-05	0.222	AACAAAAGAG
4-AACAAWGGVM	STREME-4	chr18	14503935	14503944	+	11.5526	8.89e-05	0.222	AACAAAAGAG
4-AACAAWGGVM	STREME-4	chr16	21274547	21274556	+	11.5526	8.89e-05	0.222	aacaaaagag
4-AACAAWGGVM	STREME-4	chr10	86972198	86972207	-	11.5526	8.89e-05	0.222	AACAAAAGAG
4-AACAAWGGVM	STREME-4	chr6	99891935	99891944	+	11.5526	8.89e-05	0.222	AACAAAAGAG
4-AACAAWGGVM	STREME-4	chr6	105391997	105392006	+	11.5526	8.89e-05	0.222	aacaaaagag
4-AACAAWGGVM	STREME-4	chr7	130835640	130835649	+	11.5526	8.89e-05	0.222	AACAAAAGAG
4-AACAAWGGVM	STREME-4	chr17	16218884	16218893	+	11.5263	8.96e-05	0.222	AACAAAGACT
4-AACAAWGGVM	STREME-4	chr11	16941425	16941434	+	11.5263	8.96e-05	0.222	aacaAAGACT
4-AACAAWGGVM	STREME-4	chr13	56426419	56426428	-	11.5263	8.96e-05	0.222	AACAAAGACT
4-AACAAWGGVM	STREME-4	chr10	85215521	85215530	-	11.5263	8.96e-05	0.222	AACAAAGACT
4-AACAAWGGVM	STREME-4	chr16	96173771	96173780	-	11.5263	8.96e-05	0.222	AACAAAGACT
4-AACAAWGGVM	STREME-4	chr4	114625608	114625617	+	11.5263	8.96e-05	0.222	AACAAAGACT
4-AACAAWGGVM	STREME-4	chr4	124280319	124280328	-	11.5263	8.96e-05	0.222	AACAAAGACT
4-AACAAWGGVM	STREME-4	chr11	6525446	6525455	+	11.5132	9.14e-05	0.223	GACAATAGGC
4-AACAAWGGVM	STREME-4	chr15	34824686	34824695	+	11.5132	9.14e-05	0.223	GACAATAGGC
4-AACAAWGGVM	STREME-4	chr1	62683223	62683232	+	11.5132	9.14e-05	0.223	GACAATAGGC
4-AACAAWGGVM	STREME-4	chr6	91156265	91156274	-	11.5132	9.14e-05	0.223	GACAATAGGC
4-AACAAWGGVM	STREME-4	chr9	110685515	110685524	-	11.5132	9.14e-05	0.223	GACAATAGCA
4-AACAAWGGVM	STREME-4	chr5	111220808	111220817	-	11.5132	9.14e-05	0.223	GACAATAGGC
4-AACAAWGGVM	STREME-4	chr7	122478486	122478495	-	11.5132	9.14e-05	0.223	GACAATAGCA
4-AACAAWGGVM	STREME-4	chr7	127104692	127104701	-	11.5132	9.14e-05	0.223	GACAATAGGC
4-AACAAWGGVM	STREME-4	chr4	153806521	153806530	-	11.5132	9.14e-05	0.223	GACAATAGGC
4-AACAAWGGVM	STREME-4	chr17	6179486	6179495	-	11.5	9.19e-05	0.224	AACAATAATA
4-AACAAWGGVM	STREME-4	chr8	18694297	18694306	-	11.4737	9.35e-05	0.224	GACAATGAAC
4-AACAAWGGVM	STREME-4	chr16	31248800	31248809	+	11.4737	9.35e-05	0.224	gaCAATGAAC
4-AACAAWGGVM	STREME-4	chr12	54945018	54945027	+	11.4737	9.35e-05	0.224	GACAATGAAC
4-AACAAWGGVM	STREME-4	chr11	88689894	88689903	-	11.4737	9.35e-05	0.224	GACAAAGGTA
4-AACAAWGGVM	STREME-4	chr2	93447614	93447623	+	11.4737	9.35e-05	0.224	GACAATGAAC
4-AACAAWGGVM	STREME-4	chr15	102007769	102007778	-	11.4737	9.35e-05	0.224	GACAATGAAC
4-AACAAWGGVM	STREME-4	chr11	107304898	107304907	+	11.4737	9.35e-05	0.224	GACAATGAAC
4-AACAAWGGVM	STREME-4	chr11	114795519	114795528	+	11.4737	9.35e-05	0.224	GACAATGAAC
4-AACAAWGGVM	STREME-4	chr13	56582282	56582291	+	11.4474	9.44e-05	0.225	GACAATGGAG
4-AACAAWGGVM	STREME-4	chr11	59069037	59069046	+	11.4474	9.44e-05	0.225	GACAATGGAG
4-AACAAWGGVM	STREME-4	chr9	107693768	107693777	+	11.4474	9.44e-05	0.225	GACAATGGAG
4-AACAAWGGVM	STREME-4	chr17	15248150	15248159	-	11.4342	9.76e-05	0.226	GACAAAGAGC
4-AACAAWGGVM	STREME-4	chr13	18164446	18164455	-	11.4342	9.76e-05	0.226	GACAAAGAGC
4-AACAAWGGVM	STREME-4	chr14	32895137	32895146	+	11.4342	9.76e-05	0.226	GACAAAGAGC
4-AACAAWGGVM	STREME-4	chr1	38553183	38553192	+	11.4342	9.76e-05	0.226	gacaaagaca
4-AACAAWGGVM	STREME-4	chr9	52153396	52153405	+	11.4342	9.76e-05	0.226	AACAATAGTC
4-AACAAWGGVM	STREME-4	chr13	54216244	54216253	-	11.4342	9.76e-05	0.226	AACAATAAGG
4-AACAAWGGVM	STREME-4	chr6	60742857	60742866	-	11.4342	9.76e-05	0.226	GACAAAGACA
4-AACAAWGGVM	STREME-4	chr2	62807631	62807640	+	11.4342	9.76e-05	0.226	GACAAAGAGC
4-AACAAWGGVM	STREME-4	chr7	80746618	80746627	+	11.4342	9.76e-05	0.226	gacaaagaca
4-AACAAWGGVM	STREME-4	chr12	86961850	86961859	-	11.4342	9.76e-05	0.226	GACAAAGAGC
4-AACAAWGGVM	STREME-4	chr7	89628122	89628131	+	11.4342	9.76e-05	0.226	GACAAAGAGC
4-AACAAWGGVM	STREME-4	chr6	90561452	90561461	+	11.4342	9.76e-05	0.226	GACAAAGAGC
4-AACAAWGGVM	STREME-4	chr5	92106548	92106557	+	11.4342	9.76e-05	0.226	gacaaagaca
4-AACAAWGGVM	STREME-4	chr10	96400382	96400391	-	11.4342	9.76e-05	0.226	AACAATAGTC
4-AACAAWGGVM	STREME-4	chr4	123228318	123228327	+	11.4342	9.76e-05	0.226	GACAAAGACA
4-AACAAWGGVM	STREME-4	chr4	126837321	126837330	+	11.4342	9.76e-05	0.226	GACAAAGAGC
4-AACAAWGGVM	STREME-4	chr1	128857105	128857114	+	11.4342	9.76e-05	0.226	GACAAAGAGC
4-AACAAWGGVM	STREME-4	chr16	34562022	34562031	-	11.4079	9.86e-05	0.227	GACAAAGGGG
4-AACAAWGGVM	STREME-4	chr12	70422768	70422777	+	11.4079	9.86e-05	0.227	GACAAAGGGG
4-AACAAWGGVM	STREME-4	chr7	82842410	82842419	-	11.4079	9.86e-05	0.227	GACAAAGGGG
4-AACAAWGGVM	STREME-4	chr5	116525692	116525701	+	11.4079	9.86e-05	0.227	gacaaagggg
4-AACAAWGGVM	STREME-4	chr7	143401488	143401497	-	11.4079	9.86e-05	0.227	GACAAAGGGG
4-AACAAWGGVM	STREME-4	chr8	28880787	28880796	-	11.3947	9.93e-05	0.227	AACAATAACC
4-AACAAWGGVM	STREME-4	chr7	128058888	128058897	+	11.3947	9.93e-05	0.227	aacaataacc

# FIMO (Find Individual Motif Occurrences): Version 5.5.1 compiled on Feb  5 2023 at 06:22:38
# The format of this file is described at http://localhost:8080/meme_5.5.1/doc/fimo-output-format.html.
# fimo --parse-genomic-coord --verbosity 1 --oc memechip_out/fimo_out_3 --bgfile memechip_out/background --motif 4-AACAAWGGVM memechip_out/streme_out/streme.xml memechip_out/Ascl1_pooled_peaks.fa
